ID;Year_Birth;Income;Wines;MeatProducts;FishProducts;SweetProducts;GoldProds
5524;1957;58138;635;546;172;88;88
2174;1954;46344;11;6;2;1;6
4141;1965;71613;426;127;111;21;42
6182;1984;26646;11;20;10;3;5
5324;1981;58293;173;118;46;27;15
965;1971;55635;235;164;50;49;27
6177;1985;33454;76;56;3;1;23
387;1976;7500;6;11;11;1;16
2125;1959;63033;194;480;225;112;30
8180;1952;59354;233;53;3;5;14
2569;1987;17323;3;17;6;1;5
2114;1946;82800;1006;115;59;68;45
9736;1980;41850;53;19;2;13;4
4939;1946;37760;84;38;150;12;28
2278;1985;33812;4;19;30;24;39
9360;1982;37040;86;73;69;38;48
5376;1979;2447;1;1725;1;1;1
4047;1954;65324;384;102;21;32;5
1409;1951;40689;270;27;39;6;99
7892;1969;18589;6;25;15;12;13
2404;1976;53359;173;30;3;6;41
9422;1989;38360;36;42;20;21;10
6864;1989;10979;8;10;2;2;4
3033;1963;38620;112;44;34;22;89
7373;1952;46610;96;96;33;22;43
8755;1946;68657;482;471;119;68;22
10738;1951;49389;40;19;2;1;3
10755;1976;23718;6;14;15;7;36
2968;1943;48948;437;206;160;49;42
8601;1980;80011;421;536;82;178;102
8430;1957;21994;9;6;3;1;3
2139;1975;7500;3;10;3;2;12
1371;1976;79941;123;266;227;30;174
9909;1996;7500;3;14;15;22;50
7286;1968;41728;13;15;3;5;13
6566;1954;72550;826;317;50;38;38
8614;1957;65486;245;125;37;67;14
4114;1964;79143;650;780;27;167;32
1331;1977;35790;12;20;30;1;3
2225;1977;82582;510;550;156;40;241
9381;1978;66373;328;124;12;24;109
6260;1955;82384;984;432;180;120;190
10383;1966;70287;295;482;121;120;40
7437;1988;27938;13;8;2;1;5
6853;1982;75777;712;538;69;13;80
3076;1975;66653;452;102;16;18;6
1012;1952;61823;523;134;37;14;169
4137;1948;70666;398;367;119;122;30
8082;1971;25721;1;6;3;6;15
9369;1979;88194;688;309;201;24;38
4477;1958;69096;247;159;7;82;109
1357;1970;74854;856;487;58;29;73
1402;1954;66991;496;460;189;60;12
6312;1959;65031;258;291;84;37;86
1050;1952;28332;14;13;4;15;9
5846;1977;40246;2;6;2;1;1
1859;1972;75251;721;925;97;18;18
7503;1976;75825;1032;779;137;105;51
3332;1985;29760;64;68;7;5;17
4119;1963;38620;112;44;34;22;89
535;1987;81361;163;424;27;65;76
5268;1960;29440;17;14;10;4;3
8504;1973;79593;350;568;110;133;145
7516;1983;30096;5;11;12;5;9
3037;1983;50150;135;92;65;61;11
1473;1960;47823;53;5;2;1;10
4518;1979;85693;386;183;185;132;111
9370;1945;65846;562;276;80;40;81
8908;1959;87195;217;690;50;26;38
7533;1964;49096;144;32;2;1;7
2683;1969;52413;295;271;75;98;65
3629;1978;38557;76;31;4;4;27
10991;1960;89058;454;106;31;22;43
5077;1979;77298;425;292;23;35;79
7431;1991;68126;1332;311;23;51;86
999;1991;86037;490;125;29;20;22
1592;1970;90765;547;812;151;82;33
367;1978;36550;47;94;123;103;120
9862;1969;21918;1;7;11;5;3
9805;1953;56129;320;133;39;72;48
8442;1985;19510;9;7;3;4;7
7386;1976;30992;17;14;7;3;2
7215;1983;101970;722;102;44;72;168
1491;1965;71488;162;124;40;28;172
11051;1956;77376;492;110;16;12;12
8026;1952;62998;120;73;65;89;58
9597;1969;73448;236;189;23;41;130
7660;1973;35860;15;8;4;2;20
1461;1965;36921;17;12;3;1;4
821;1992;92859;962;921;52;61;20
11084;1976;65104;738;232;13;20;50
8690;1962;86111;399;756;36;40;126
2937;1974;68352;614;132;43;33;33
9701;1988;41883;32;41;73;16;116
9949;1976;59809;598;141;32;41;49
10837;1975;23957;2;18;20;11;16
5885;1973;35688;73;90;12;1;32
4050;1966;49605;42;29;12;20;8
3830;1953;59354;295;78;39;13;13
7987;1969;65747;346;48;23;13;13
7798;1972;46344;233;57;8;20;91
92;1988;34176;5;24;19;14;20
10240;1949;69372;997;269;34;13;42
3025;1958;49967;212;69;4;12;3
9970;1977;55375;42;57;10;28;14
2730;1955;80317;536;387;149;91;57
9260;1945;70356;1349;249;43;16;33
8182;1984;23228;53;49;7;4;5
10095;1975;74165;1001;240;16;12;12
8475;1973;157243;20;1582;1;2;1
4370;1966;43482;18;32;6;3;28
10573;1953;62551;125;98;134;21;27
6637;1988;66951;277;305;173;76;124
3152;1957;26091;15;19;8;17;20
5610;1965;33456;7;10;8;1;7
6460;1982;28718;12;6;11;8;16
1349;1970;50447;85;24;2;3;27
8717;1975;80427;1149;449;69;71;26
10314;1948;83837;847;119;86;89;111
7698;1976;51650;152;22;2;5;7
3559;1988;16248;12;10;3;12;9
10562;1946;66835;620;195;34;17;141
2563;1961;28249;1;7;2;14;10
3518;1983;25271;10;18;10;4;7
3934;1966;61286;356;107;19;9;117
6982;1976;74068;783;537;140;76;15
5602;1989;66973;466;432;147;113;102
7829;1900;36640;15;8;7;4;25
1324;1988;38872;23;21;3;19;22
326;1973;51148;235;45;8;9;12
7224;1977;31353;10;10;3;1;7
6999;1980;69661;656;106;32;16;8
9938;1954;80067;519;813;27;173;51
6422;1954;86718;344;482;50;33;172
3182;1973;46854;96;79;7;1;79
7300;1952;69142;448;34;6;4;39
10424;1968;75922;265;553;224;23;92
8727;1978;63693;587;337;42;87;54
2798;1977;102160;763;138;76;176;58
624;1984;18890;6;1;7;2;15
5176;1988;29604;7;13;7;6;14
5552;1963;48721;81;113;47;13;21
380;1954;64497;1170;320;42;32;192
2677;1956;46097;72;68;65;4;8
6521;1954;77972;613;319;33;102;12
2877;1974;46014;410;59;19;9;44
0;1985;70951;239;554;254;87;54
1584;1977;41443;171;171;25;19;89
6274;1948;83790;1076;417;42;48;16
454;1980;69508;824;162;42;32;43
1755;1988;45204;30;25;29;1;18
2075;1969;72460;377;540;80;30;10
7079;1962;63887;897;207;15;11;92
4653;1978;42011;131;16;2;1;39
460;1972;79930;792;740;67;51;17
6798;1966;37070;231;137;4;15;39
5341;1962;81975;983;184;180;138;27
1606;1971;38590;3;8;4;3;3
3233;1965;62745;562;464;28;10;32
89;1975;22212;5;20;6;8;21
9449;1958;79761;415;124;15;35;11
7297;1973;7500;5;10;12;7;20
313;1968;73455;901;757;186;163;20
9940;1958;64961;382;276;75;124;38
10735;1971;22804;14;7;2;1;1
9529;1990;73687;559;503;218;13;181
9265;1953;75027;925;179;133;12;77
8867;1988;67546;864;768;150;38;172
8932;1969;65176;960;183;220;70;70
10236;1975;31160;16;25;6;1;13
10089;1974;102692;168;444;32;172;148
2227;1958;26490;45;52;21;20;25
10992;1967;75702;650;353;45;42;30
309;1961;63342;918;118;13;10;21
3406;1964;45989;138;87;28;24;12
2661;1964;18701;12;2;10;6;10
10264;1979;15287;1;8;4;3;13
4200;1970;44159;167;62;24;13;7
9396;1978;37717;9;6;4;1;5
2387;1952;43776;177;71;3;2;20
6690;1966;38179;38;22;4;2;20
1225;1963;80124;483;398;205;84;241
291;1970;72940;182;298;162;149;116
4557;1970;22070;10;19;8;2;21
2379;1953;69267;778;499;95;73;146
3066;1975;61905;167;43;6;2;13
6336;1960;29315;13;14;8;7;4
10967;1963;33378;33;40;3;7;10
2304;1963;66313;625;99;10;22;7
3445;1956;60714;216;224;101;92;162
7828;1981;77882;68;396;188;22;15
3762;1986;69867;196;512;33;130;54
4391;1968;63841;635;100;20;7;131
4669;1981;24480;4;9;28;25;17
8652;1946;37760;84;38;150;12;28
1672;1974;65640;204;149;20;15;66
9974;1974;30631;15;20;4;5;20
10983;1952;75278;304;230;150;74;74
8148;1956;50898;285;242;55;114;135
10102;1966;79946;395;565;166;141;28
4697;1949;35416;248;81;4;3;51
7254;1969;38361;39;56;20;8;14
4543;1980;82497;777;573;216;21;203
4927;1971;16626;8;22;21;1;13
2874;1988;35388;6;7;4;3;8
7119;1982;68627;395;263;60;54;38
5827;1958;35246;36;12;2;2;10
1717;1988;39747;80;93;20;13;52
9491;1984;23976;14;21;2;3;25
9274;1961;80950;525;112;219;147;63
6609;1966;27038;1;25;17;23;15
6963;1947;77457;675;400;15;45;11
1379;1992;42670;154;46;20;4;15
10032;1976;12571;3;14;2;12;17
6320;1976;70893;768;561;77;44;14
3050;1966;54198;185;28;3;2;17
9478;1985;66503;91;128;65;3;50
113;1951;30833;11;7;3;1;6
1802;1971;64795;412;119;38;29;77
520;1974;34421;3;7;6;2;9
9750;1961;64325;731;353;78;12;73
2607;1953;40464;424;118;7;23;41
7214;1957;62187;792;275;45;45;126
5835;1976;14849;21;28;3;2;9
7786;1986;29999;68;59;10;5;11
2521;1971;35178;23;13;2;2;18
10151;1960;62204;317;247;151;46;139
7381;1968;75693;797;293;72;97;30
4099;1972;30675;10;16;11;2;21
9560;1965;83003;856;570;40;25;122
1150;1899;83532;755;562;104;64;224
10172;1988;68655;456;832;75;118;38
11191;1986;41411;37;38;11;3;18
6245;1950;59292;378;68;19;14;14
1411;1952;82623;204;204;172;153;173
1826;1970;84835;189;379;111;189;218
8842;1971;30372;15;12;7;3;7
2579;1957;71113;495;255;11;33;8
175;1986;71952;656;455;52;107;93
6184;1969;68462;561;785;84;128;48
4107;1948;46681;269;69;15;19;38
7274;1957;78618;736;818;212;163;61
2958;1978;28442;19;10;11;8;6
933;1978;37717;9;6;4;1;5
5837;1967;51479;247;160;6;8;65
10704;1969;54803;404;92;28;27;142
5125;1960;79530;333;815;129;42;29
4432;1976;31615;2;20;6;11;9
5955;1962;72025;833;549;151;133;233
2928;1975;52614;789;142;12;9;38
10313;1975;48178;159;45;6;2;38
2557;1970;29548;7;6;3;1;11
1245;1966;63810;977;253;16;12;101
1519;1972;38578;38;22;3;3;3
1726;1970;22585;3;15;13;2;39
4459;1989;30279;10;14;4;4;1
1729;1961;66426;1043;97;32;24;157
1517;1969;30822;3;13;2;12;12
6878;1954;27421;43;96;78;40;55
3310;1973;35688;73;90;12;1;32
948;1971;10245;4;7;6;4;13
6720;1968;43795;314;53;4;3;107
6202;1960;63381;571;142;33;50;159
2066;1949;38823;70;11;2;8;23
9799;1968;83664;866;151;28;21;86
8318;1979;90300;594;786;33;134;57
2669;1993;74293;375;335;93;91;81
455;1946;51012;102;63;2;9;24
3428;1991;68682;919;505;99;30;45
7414;1971;43824;96;42;12;3;32
6354;1984;15345;5;16;3;2;19
798;1987;23442;2;6;8;6;5
8213;1980;14515;6;9;6;36;35
9999;1965;75276;610;125;137;42;21
7617;1974;42373;67;61;3;8;19
615;1960;30507;65;74;38;20;110
194;1965;48006;23;11;3;2;2
3645;1972;27213;19;26;10;9;3
8890;1971;65808;155;80;13;7;10
5049;1974;30351;14;24;3;3;2
9973;1963;50437;370;92;6;9;4
7301;1982;23616;4;11;3;7;32
10882;1976;53858;407;221;58;150;26
7030;1955;66465;1200;204;38;29;14
7422;1987;46923;85;54;102;78;6
6504;1975;19789;2;9;28;6;28
5067;1994;80134;966;282;52;26;26
4216;1981;91065;822;108;179;137;114
5929;1973;37401;19;19;3;1;3
3129;1983;30096;5;11;12;5;9
6528;1982;18492;2;2;2;1;1
1361;1974;82584;1076;103;29;91;68
1340;1986;92910;551;792;179;103;33
5987;1989;10404;2;11;10;6;12
3767;1968;61314;378;189;97;172;172
3725;1961;84865;1248;349;43;16;16
4324;1989;42387;235;235;19;4;191
238;1967;67309;515;181;149;95;95
6694;1964;75236;438;400;12;38;114
498;1970;30015;25;22;2;3;5
9699;1966;67272;357;271;28;28;14
5455;1971;32011;99;15;2;1;5
456;1986;7500;1;5;4;6;9
5029;1946;18100;3;2;4;3;1
10642;1989;30279;10;14;4;4;1
5954;1972;42618;76;74;13;5;10
1137;1964;81246;398;537;61;156;37
1142;1953;55707;208;82;30;66;35
2276;1955;57959;430;322;43;24;33
2807;1969;56796;656;161;62;47;37
6471;1971;36230;14;30;8;2;3
6131;1980;70829;141;106;72;19;23
6233;1976;65991;507;364;25;47;9
4148;1972;38988;164;103;12;3;42
4947;1966;89572;606;974;197;194;64
3225;1984;42207;116;72;3;17;46
7540;1952;50300;143;60;24;23;5
10648;1982;66664;398;447;220;96;32
1992;1964;60597;522;257;32;16;66
7851;1949;70165;161;253;199;191;122
8594;1958;50520;112;6;2;1;14
7059;1963;80124;483;398;205;84;241
2815;1975;33183;7;39;17;15;37
7999;1955;75261;1239;413;23;34;17
9697;1951;53790;335;127;28;5;5
3916;1971;49269;639;166;11;8;58
2021;1975;61456;563;384;84;192;89
1581;1980;37406;2;8;2;2;3
564;1981;56937;746;125;11;8;8
9081;1988;20518;4;6;4;1;9
178;1956;62503;478;193;110;75;117
8346;1974;32233;138;35;25;11;72
9286;1960;83151;407;100;120;74;18
2426;1964;78825;483;114;169;37;18
5172;1976;65104;738;232;13;20;50
5562;1974;60093;502;109;16;6;90
3436;1969;14045;11;5;2;1;1
3921;1952;28457;24;108;29;29;14
3403;1958;78952;1170;594;99;76;134
22;1976;46310;185;88;15;5;14
10965;1955;76005;983;389;240;50;40
3136;1962;59432;317;265;25;19;12
11088;1971;78642;1396;322;46;35;17
466;1944;65275;388;218;91;14;21
8151;1990;24279;16;21;20;62;108
5140;1985;64355;1047;140;67;38;153
4945;1953;53653;815;239;28;10;108
10584;1976;65665;225;387;106;36;29
6071;1989;81217;493;324;146;40;84
3386;1992;34935;34;66;3;10;20
8939;1959;61250;382;65;60;26;59
4320;1979;60152;325;300;86;58;91
5389;1964;48920;238;68;8;10;6
6036;1959;89120;1168;408;72;129;55
203;1975;81169;1288;613;80;61;27
11025;1961;36443;65;46;4;3;20
10203;1990;26095;11;9;3;1;11
4607;1959;71367;227;389;42;21;75
2532;1987;73454;982;351;56;14;175
9214;1991;42691;179;64;38;17;58
35;1987;25545;32;64;16;12;85
2258;1986;32880;8;15;7;6;2
4322;1958;77863;881;319;16;25;12
713;1977;50353;141;153;67;31;35
4702;1964;61839;1000;379;224;17;120
3281;1960;49154;206;67;30;27;71
702;1975;47682;162;83;97;57;61
2004;1969;72679;619;260;127;54;54
4437;1962;65316;112;92;3;9;38
8724;1982;28567;11;22;2;2;6
6931;1967;76982;464;292;65;60;30
11096;1952;57247;99;32;37;54;6
304;1981;22944;19;19;4;5;26
3665;1977;25315;1;8;11;3;22
10591;1969;43638;63;83;7;19;19
5036;1984;42710;252;42;4;3;102
7822;1976;54058;198;252;32;108;54
8541;1990;24683;8;10;6;7;6
10955;1964;85620;416;925;60;107;46
4368;1980;47850;42;43;20;12;10
9671;1968;19514;14;21;2;1;28
4279;1963;39548;15;10;3;4;18
9240;1971;60504;458;24;6;4;34
9460;1963;22419;30;47;19;21;42
9504;1949;81698;179;520;111;123;47
8692;1952;43462;90;97;15;6;15
448;1978;54880;308;137;102;45;118
8314;1982;79908;557;761;29;185;111
8420;1970;15315;7;13;15;8;17
3174;1959;87771;1492;287;50;57;33
7685;1978;33039;30;12;8;8;12
3179;1980;81741;249;940;58;134;38
10681;1970;62466;129;259;168;121;83
10232;1963;48799;174;81;28;6;24
4184;1950;52157;189;29;3;2;40
9120;1962;66565;747;161;65;40;42
6818;1974;44989;98;106;49;10;106
8181;1978;38593;51;49;17;24;24
1160;1970;13260;9;17;10;2;7
5253;1956;54603;145;46;17;2;4
5314;1951;40689;270;27;39;6;99
5081;1967;47821;9;16;6;6;10
5123;1951;27450;37;23;8;11;52
8036;1971;26850;31;13;7;2;9
5057;1961;61794;264;188;54;47;11
254;1955;53863;399;30;6;4;30
4179;1959;24221;8;9;2;5;22
3710;1984;39684;19;35;6;4;17
7627;1975;92163;817;797;106;163;20
4501;1965;69882;292;635;132;127;165
6424;1977;33178;12;2;11;2;16
4992;1975;17459;6;16;3;10;30
5252;1969;23910;16;18;7;1;13
6919;1978;26224;4;15;13;9;15
3537;1981;31089;31;31;2;8;4
2453;1960;62807;526;135;10;21;99
7972;1955;72906;400;519;71;75;54
1177;1966;49618;80;26;4;2;14
7141;1986;21888;88;46;2;3;64
8477;1956;26150;5;13;3;5;1
2457;1975;30801;8;5;15;2;11
988;1965;81168;410;592;147;22;22
7930;1969;26877;101;76;20;18;40
6682;1973;18978;2;1;4;7;15
10299;1969;48240;389;248;64;49;41
3083;1974;45837;215;87;17;17;24
1503;1976;162397;85;16;2;1;2
8650;1978;54162;5;10;6;5;10
10862;1960;30522;179;83;19;11;26
6941;1971;31632;17;12;11;15;32
10972;1949;72298;625;169;58;17;35
6583;1955;72635;390;323;104;35;107
3641;1976;13624;10;15;2;1;6
10156;1975;84196;215;507;231;31;190
4299;1960;70971;1001;572;93;125;17
3469;1977;34487;19;33;24;1;8
5063;1977;28769;41;129;10;3;3
10727;1970;69084;1181;199;39;30;30
9624;1958;65488;603;207;36;18;54
5156;1970;62466;129;259;168;121;83
4376;1960;32218;10;15;13;1;30
8923;1973;83917;514;732;42;198;79
6945;1952;84574;387;713;38;54;163
944;1962;56181;121;69;8;44;48
1907;1950;63120;965;279;54;41;69
701;1971;73691;707;250;85;43;73
3856;1960;63381;571;142;33;50;159
2131;1959;62859;1063;102;16;12;25
2942;1964;45906;305;27;4;3;144
4381;1971;46463;163;40;8;11;11
4611;1970;105471;1009;104;202;21;207
3376;1970;55282;125;73;8;4;19
4679;1977;78710;721;152;119;50;50
10928;1958;66886;315;62;41;31;146
4248;1960;98777;1000;711;125;115;38
6728;1985;29103;16;17;6;3;6
6661;1974;67445;757;217;29;80;11
5555;1975;153924;1;1;1;1;1
2564;1953;61278;111;28;2;6;15
946;1958;26490;45;52;21;20;25
6940;1966;46734;100;39;6;1;76
55;1963;56253;509;65;7;11;5
5084;1975;58330;445;213;104;98;151
1777;1980;25965;2;11;41;7;11
8162;1956;14661;4;11;6;2;2
10826;1959;18690;6;7;23;4;19
1987;1987;21063;1;11;19;3;15
7426;1971;54690;111;37;7;9;18
9153;1964;59304;418;428;80;51;10
10379;1962;59247;327;122;19;14;83
9204;1970;66731;371;194;58;106;141
3197;1980;77353;275;107;69;101;59
2920;1975;52614;789;142;12;9;38
4673;1963;81300;1004;145;32;12;36
9937;1979;70337;187;149;25;43;91
8779;1985;36145;56;76;17;1;18
9596;1980;65295;365;117;34;110;6
2891;1963;68118;595;123;10;23;154
4910;1967;68743;1132;384;175;134;115
75;1982;41039;34;137;179;61;45
10120;1955;38946;116;82;6;6;41
6327;1967;65777;565;435;28;32;54
10142;1976;66476;372;126;47;48;78
9826;1972;86857;899;838;133;102;40
1501;1982;160803;55;1622;17;3;4
7279;1969;69476;260;559;63;9;67
143;1970;61209;466;224;119;49;99
450;1958;42315;67;80;17;11;80
9316;1952;13084;2;7;3;7;10
9239;1961;61923;92;18;3;3;6
2868;1949;26518;20;28;3;3;2
10888;1961;45938;273;178;62;83;29
1277;1960;78468;434;388;104;22;34
9977;1973;78901;321;309;33;26;34
10196;1978;71427;212;177;15;64;23
8029;1988;90247;1184;352;21;16;16
968;1968;41335;112;21;16;14;5
6988;1986;71952;656;455;52;107;93
4472;1970;35682;23;8;6;2;18
6991;1951;43185;537;42;16;6;30
4301;1971;35178;23;13;2;2;18
1940;1986;25252;1;4;2;2;6
1388;1975;33249;6;21;19;14;42
1044;1953;58398;299;201;21;21;49
6969;1982;50272;99;66;43;8;4
10479;1975;76618;749;294;121;160;147
3619;1960;87305;345;501;63;138;80
1715;1978;25851;9;18;7;5;5
4990;1954;59111;524;134;28;28;155
4329;1984;18988;6;6;2;1;1
10936;1965;72190;597;597;172;166;249
4692;1976;7500;7;12;13;7;32
6086;1955;80395;445;706;80;76;48
437;1976;75012;294;218;164;58;151
11171;1965;56962;292;77;10;3;26
11101;1991;89891;412;132;59;28;183
9384;1978;66373;328;124;12;24;109
5956;1948;45072;144;99;7;2;30
10430;1973;89694;1126;211;37;28;42
7072;1973;67432;432;341;177;136;170
6255;1952;70545;138;63;55;18;21
5564;1969;62882;509;497;78;24;97
5682;1953;64108;948;86;13;21;21
7458;1956;34941;39;25;4;3;24
7761;1978;38702;13;24;13;8;40
5278;1964;82224;307;360;138;31;40
3560;1952;83844;901;345;75;31;191
7235;1975;17003;2;12;4;8;7
10548;1995;71163;283;372;138;106;44
4073;1954;63564;769;252;15;34;65
6974;1972;83443;518;742;55;56;84
7938;1958;51518;350;66;17;4;4
7094;1975;58330;445;213;104;98;151
3667;1969;80952;778;689;41;27;44
7723;1979;75507;709;374;104;80;80
3870;1978;63855;359;314;93;116;89
4012;1972;62220;799;375;16;12;12
10270;1981;35523;11;22;12;5;11
6887;1967;79146;245;223;21;43;16
6406;1988;78285;647;391;175;67;40
7573;1978;31626;39;9;2;1;34
4508;1952;75127;203;305;46;17;227
1911;1987;67430;595;291;127;133;121
20;1965;46891;43;23;29;15;61
10582;1979;72063;180;348;76;32;90
8897;1965;42720;392;91;28;26;112
2371;1972;33622;39;22;3;4;12
4303;1957;6835;107;12;2;2;12
10736;1971;72258;522;522;227;120;134
49;1970;20587;2;6;4;1;9
4290;1972;30467;1;8;2;5;5
10219;1972;31590;6;15;6;6;3
4211;1986;20425;4;5;3;16;17
6299;1968;42564;324;186;39;18;198
10846;1978;43783;327;125;25;4;139
347;1976;40780;229;71;13;3;34
6543;1945;62847;521;706;80;76;61
10446;1957;82017;184;446;30;23;23
3479;1950;16813;4;11;12;2;13
11075;1978;51267;183;64;7;2;12
4442;1961;46524;31;35;26;14;52
199;1962;45183;219;60;12;9;12
6722;1954;70421;479;136;75;14;35
796;1965;60161;584;212;46;8;177
3749;1973;73926;627;597;159;91;15
8523;1968;19329;24;16;12;2;5
310;1970;61872;330;159;36;27;16
8629;1956;46984;19;10;2;1;8
236;1951;34838;28;29;29;14;47
9930;1944;82716;606;228;15;148;22
3483;1958;48192;1039;204;153;58;29
7352;1957;55267;161;136;32;3;45
2350;1972;59666;623;178;23;17;133
9145;1972;72504;604;470;123;161;94
2964;1981;26872;3;8;3;16;32
5585;1972;21359;12;17;6;1;10
9687;1975;73170;184;256;50;30;32
3732;1955;52750;393;239;90;69;69
6303;1986;91820;410;747;76;161;30
11176;1970;65968;376;83;19;4;4
2986;1976;30772;7;4;2;1;4
7462;1954;22507;68;226;51;157;68
7034;1978;25804;8;9;13;6;12
9493;1980;76412;840;804;23;71;17
1143;1972;22063;7;13;3;11;11
3855;1963;22419;30;47;19;21;42
5536;1959;87771;1492;287;50;57;33
5989;1959;78353;752;476;39;153;34
6768;1962;37859;22;8;2;1;2
2150;1958;80995;860;409;73;56;56
4887;1976;55412;10;28;11;1;8
8560;1992;48789;351;156;7;5;145
10402;1967;35441;25;9;2;1;1
9904;1956;71391;336;274;46;123;141
5687;1980;81702;563;774;28;31;187
5121;1977;56628;479;82;7;17;171
4186;1950;34026;18;15;12;8;17
368;1974;40049;91;52;10;44;28
3312;1988;34176;5;24;19;14;20
11121;1981;19419;2;28;16;3;7
5332;1960;82504;362;431;134;35;54
5848;1970;81205;724;929;97;55;130
2895;1963;49980;104;54;13;9;14
9477;1954;65324;384;102;21;32;5
4856;1957;82347;556;845;202;133;63
1456;1979;60474;265;303;234;9;170
425;1985;55357;374;116;84;25;64
1031;1989;85710;600;350;29;30;33
4271;1989;38683;46;69;84;41;66
4120;1975;49514;88;78;58;13;93
2036;1973;57906;243;119;10;3;15
115;1966;43456;275;68;25;7;7
8687;1978;53172;121;90;68;20;125
2447;1979;30545;4;15;19;7;12
9353;1959;62450;515;267;62;66;38
3623;1976;21675;4;16;17;4;4
738;1981;42395;48;57;24;15;25
7631;1978;61346;562;168;43;16;142
4789;1953;80812;769;500;210;143;33
773;1971;42835;379;93;12;9;98
10602;1983;39922;29;59;19;1;36
1446;1956;86424;387;569;89;45;68
3270;1978;17117;12;38;30;18;7
8443;1972;24762;6;12;3;15;40
9653;1975;35797;27;14;4;1;21
8017;1981;51111;22;19;6;5;3
5830;1972;86857;899;838;133;102;40
4597;1970;82072;889;685;168;92;129
8825;1962;51195;230;156;82;24;58
2930;1978;68092;852;207;78;36;48
1928;1973;31814;35;20;4;1;20
7108;1965;51390;205;47;23;2;56
10925;1983;76630;255;446;40;56;175
8800;1943;48948;437;206;160;49;42
5519;1956;64090;316;161;76;51;135
5046;1958;78331;756;354;160;169;61
905;1986;21846;7;18;6;10;26
8624;1958;81320;183;493;59;103;57
6445;1967;66825;243;405;29;40;40
2727;1973;57100;181;69;39;3;96
11074;1977;85072;494;391;194;11;241
10150;1961;86429;464;873;29;18;37
9485;1986;45921;102;49;24;3;12
7053;1966;78420;604;674;91;28;28
4654;1992;75114;571;523;63;60;24
1048;1972;35641;63;67;8;9;28
10619;1994;95529;770;890;250;27;24
9308;1954;62820;398;265;138;61;53
10505;1960;73113;741;154;50;9;28
2625;1954;42607;156;56;30;32;47
4483;1993;72354;315;473;220;12;182
4487;1969;39858;15;25;2;7;26
8931;1986;83033;812;431;237;149;33
5871;1979;24401;73;217;10;24;115
2008;1978;77583;372;384;250;12;108
3139;1982;74116;871;704;145;55;166
10037;1993;74293;375;335;93;91;81
10673;1976;68397;760;466;17;13;80
5303;1974;79632;471;510;99;21;12
538;1989;46107;31;27;16;9;33
5692;1989;25443;1;3;8;9;7
4843;1952;75127;203;305;46;17;227
6383;1971;32892;26;15;2;1;2
1628;1971;71796;354;311;167;75;32
1204;1970;67536;1253;447;23;71;35
3673;1971;55239;371;238;23;24;106
760;1975;60554;588;76;110;15;15
8957;1952;64831;480;249;75;86;144
4128;1962;56067;517;54;16;6;120
6810;1983;82025;267;606;48;70;98
5386;1953;94384;1111;790;160;45;172
8700;1986;14906;7;14;7;16;15
1328;1982;57937;261;144;55;48;133
8405;1979;68274;135;51;23;25;46
6515;1977;39771;6;18;2;8;14
2882;1975;67893;711;142;49;18;47
7574;1979;27922;11;13;2;4;11
5320;1973;44051;79;58;6;3;18
5048;1971;42767;20;43;19;5;38
10031;1976;16927;20;23;3;1;4
5748;1965;59754;115;44;4;146;139
2134;1952;53700;263;233;69;41;83
1523;1973;59041;69;15;2;2;6
4640;1967;70647;561;171;25;123;114
3547;1969;41021;14;9;6;16;12
5633;1980;50183;97;84;13;10;15
7801;1959;54753;197;227;7;59;131
10489;1973;92955;693;925;31;24;84
3933;1980;44010;186;234;86;72;48
10981;1988;84219;434;400;45;137;45
1734;1968;40706;59;11;4;2;5
10995;1988;15716;16;30;8;7;26
6357;1959;59052;230;75;63;57;31
9209;1971;80573;829;430;60;92;15
10286;1962;83715;318;407;150;35;8
2611;1959;82576;1206;445;168;18;18
1600;1965;56962;292;77;10;3;26
3308;1952;35704;30;12;2;11;30
3056;1978;63693;587;337;42;87;54
5718;1950;80763;674;108;192;42;231
6872;1974;65352;284;84;4;7;23
8164;1978;82170;1023;651;49;55;37
4580;1969;75759;1394;708;89;91;182
9305;1976;79689;311;640;180;37;121
8545;1954;85683;1296;311;45;69;51
7378;1981;42021;393;136;7;5;27
7646;1989;64449;218;282;137;35;70
11188;1957;26091;15;19;8;17;20
1212;1973;52845;384;292;130;41;64
9097;1956;46086;244;32;7;2;50
7962;1987;95169;1285;449;106;20;20
9984;1981;56337;349;144;28;5;182
5527;1987;22434;4;11;3;13;15
7453;1954;36130;157;127;68;56;37
8952;1953;65569;397;288;20;38;70
241;1952;83844;901;345;75;31;191
8975;1968;19514;14;21;2;1;28
5236;1979;77568;1230;396;232;178;158
10634;1951;59412;90;165;30;43;11
7010;1965;70924;635;254;132;152;76
8562;1969;54165;127;73;15;6;11
3158;1973;32300;13;6;6;5;6
4436;1976;20180;18;24;15;20;18
5287;1973;34961;45;26;4;1;1
8911;1967;56320;201;172;116;77;83
3628;1987;15038;4;11;19;12;26
8985;1964;68316;806;161;120;11;33
5204;1971;74538;380;733;110;112;28
9220;1971;91700;576;961;125;115;19
9888;1969;68695;458;356;106;50;40
5263;1977;31056;5;13;3;8;16
1020;1973;79593;350;568;110;133;145
9503;1980;28071;39;130;41;26;44
10613;1958;37334;26;16;2;2;15
6019;1971;37126;45;9;4;4;7
5863;1953;47703;359;134;13;26;123
3717;1959;61180;403;29;6;24;218
10749;1991;8028;73;66;7;12;2
4998;1962;76081;292;415;63;33;200
4754;1966;33585;30;33;13;6;29
4002;1960;77037;463;333;168;53;10
8870;1984;35196;75;141;43;39;187
966;1966;44529;538;91;17;6;26
4767;1965;70924;635;254;132;152;76
5740;1970;25959;4;12;7;5;26
4507;1952;72228;631;491;30;14;56
11013;1987;67605;336;282;184;54;54
1162;1987;42000;124;267;85;59;35
2055;1973;35860;15;8;4;2;20
4415;1961;16860;10;4;3;3;14
3005;1992;83528;530;678;134;44;147
2223;1965;64176;1215;249;64;116;149
2875;1978;67023;444;382;11;8;17
10536;1971;32892;26;15;2;1;2
11112;1966;70713;736;279;82;76;190
3807;1955;59925;473;176;19;21;56
10832;1958;46610;288;30;4;10;125
6421;1961;88347;1050;555;77;138;118
4207;1981;87171;1001;107;58;44;44
10855;1968;50014;234;77;19;10;42
3535;1965;66294;251;334;65;92;117
247;1971;36715;172;125;21;13;16
8707;1956;79456;565;548;64;83;99
6072;1970;75345;918;842;99;38;133
10914;1970;24163;4;7;2;1;2
1509;1958;84460;152;103;106;54;81
5577;1983;43776;8;9;2;1;3
7348;1958;71691;336;411;240;32;43
1127;1973;85844;938;843;25;95;38
1833;1974;39190;68;18;19;8;12
4944;1959;71367;227;389;42;21;75
9080;1972;38578;38;22;3;3;3
6466;1965;57236;105;9;2;1;4
9964;1979;61825;162;100;55;30;27
4790;1958;79803;574;216;21;16;33
10245;1986;80910;160;369;67;39;41
6001;1979;56775;614;160;58;35;35
5538;1975;83829;897;430;186;161;27
10552;1979;54210;70;109;80;9;45
1545;1986;38508;120;206;25;19;54
7409;1970;53187;211;30;7;7;10
4444;1972;30023;11;16;7;6;21
10065;1970;15315;7;13;15;8;17
4741;1974;65463;391;70;21;32;16
246;1965;66480;199;57;20;21;6
375;1954;76773;516;449;86;33;16
1524;1983;81698;709;115;30;160;45
7451;1960;98777;1000;711;125;115;38
1175;1983;36262;88;54;64;28;153
880;1966;22634;2;11;8;6;46
2320;1978;47025;508;59;23;5;29
850;1968;70566;381;215;84;28;21
4713;1979;31605;74;42;2;1;6
675;1973;52034;146;93;7;13;73
5025;1979;48526;23;23;43;20;9
2308;1954;46734;110;137;26;23;29
5995;1962;39552;165;147;4;24;41
6749;1966;86358;957;494;82;47;95
1010;1977;46931;41;17;3;1;16
8977;1985;16581;1;4;2;3;11
5961;1978;42693;8;20;6;3;16
2975;1976;85606;717;864;219;30;84
7613;1974;49669;166;107;11;8;29
10542;1968;36778;29;34;2;4;4
10617;1989;10979;8;10;2;2;4
11166;1961;49678;229;56;3;2;20
849;1953;56129;320;133;39;72;48
523;1989;37155;23;26;7;15;3
4066;1978;21282;1;8;4;8;20
819;1945;63285;508;249;50;38;134
4961;1974;21255;29;25;2;2;3
749;1981;42162;46;59;2;4;27
5430;1956;54450;454;171;8;19;32
1453;1943;57513;735;183;52;20;30
8310;1964;68142;897;196;91;112;37
5031;1974;83145;777;731;39;137;114
2613;1960;54197;162;37;6;13;13
967;1976;46049;342;112;19;14;19
1077;1974;56715;258;239;237;172;9
7959;1961;79410;658;483;123;13;13
640;1951;57304;356;329;138;17;106
4252;1965;44375;213;28;7;7;41
8432;1956;54450;454;171;8;19;32
6905;1994;80685;241;604;34;26;54
3598;1972;62710;441;83;7;29;11
6116;1968;48985;19;18;10;7;8
6263;1968;35322;28;37;12;7;13
10486;1948;77142;476;162;29;151;97
2410;1969;81657;364;425;158;60;50
8278;1990;74214;863;547;86;99;33
1604;1960;47353;184;19;8;8;4
10669;1981;54386;277;64;62;21;25
5735;1991;90638;1156;915;94;144;96
359;1950;48070;373;83;6;9;19
3839;1958;15056;6;3;21;6;40
10466;1965;44393;24;20;2;2;10
4088;1962;31497;108;28;13;1;4
590;1970;78579;816;549;216;66;99
8732;1969;67369;1298;70;37;14;42
2315;1960;58401;10;11;17;29;29
3515;1952;62307;87;34;10;6;10
2245;1969;43641;57;51;4;2;23
6283;1968;63841;635;100;20;7;131
2246;1965;46891;43;23;29;15;61
5545;1972;78075;572;259;34;35;80
7342;1961;59184;341;113;259;151;66
837;1977;54809;63;57;13;13;22
9500;1959;58113;221;169;102;78;84
3602;1958;51412;140;29;4;5;14
234;1979;15287;1;8;4;3;13
1118;1956;50965;544;85;8;6;29
945;1965;36317;87;25;3;2;13
5644;1957;42213;309;24;4;3;20
7192;1955;65748;172;93;95;78;34
2324;1972;77044;625;242;50;34;76
697;1969;74918;972;913;25;19;59
3439;1972;56721;157;39;6;13;75
1506;1975;42160;48;45;3;15;20
232;1965;61559;279;88;32;14;34
4500;1991;68682;919;505;99;30;45
9739;1963;34377;62;22;3;1;26
10395;1986;8940;1;3;4;6;42
1176;1973;26228;2;4;3;1;9
1627;1957;77297;408;109;48;122;41
938;1981;40211;51;7;2;1;25
2740;1958;33438;62;16;3;2;6
257;1959;75032;952;180;47;12;12
4058;1955;61284;618;106;20;7;45
7736;1986;22518;11;12;2;2;27
8210;1975;54730;318;17;4;7;56
6230;1971;44421;110;59;7;1;7
7325;1986;38197;23;11;2;1;3
1307;1978;41986;27;8;8;3;12
1502;1983;28427;18;19;3;3;6
843;1971;64722;303;280;60;147;15
9757;1972;84906;997;414;99;30;76
11086;1984;25707;1;2;3;6;3
4138;1962;76624;411;147;54;115;66
1291;1978;27683;152;121;12;12;45
6862;1971;1730;1;3;1;1;1
4136;1992;7500;10;18;8;26;40
9606;1965;69969;882;514;38;29;44
8534;1952;67433;615;259;12;48;30
5153;1967;77766;1004;265;115;59;27
961;1972;74716;133;421;13;195;71
5011;1963;68118;595;123;10;23;154
6653;1970;55158;293;87;4;11;23
810;1975;74190;151;86;168;91;64
2147;1969;76653;736;946;219;189;126
5107;1973;35860;15;8;4;2;20
3979;1983;90687;982;672;23;34;51
6049;1982;73450;1142;415;90;69;37
3910;1975;83829;897;430;186;161;27
5207;1963;53378;489;152;8;6;132
11114;1970;19656;25;9;6;8;32
5429;1948;45579;145;33;2;1;1
9400;1958;85485;630;611;44;18;54
1740;1944;55956;760;104;50;9;38
7488;1963;64191;420;186;151;38;15
195;1972;38808;125;52;3;19;30
7527;1968;23748;6;29;12;15;8
10319;1971;66303;1090;96;16;12;60
2296;1975;37368;3;11;2;2;10
10637;1964;40800;24;27;8;30;10
2931;1978;71847;737;106;55;63;210
3698;1983;78687;817;687;145;55;241
9516;1971;49118;620;239;99;98;119
7384;1951;39767;113;204;34;26;47
5043;1951;26997;7;78;133;49;144
5267;1970;33986;16;18;2;1;5
2516;1969;46831;22;10;6;4;34
9010;1972;83151;968;842;137;42;210
378;1971;52531;283;151;51;72;125
5068;1971;22804;14;7;2;1;1
7628;1973;43050;30;24;6;3;8
3551;1954;60033;62;57;19;11;48
5543;1966;57811;545;114;37;21;78
1577;1946;78569;558;622;207;175;95
10641;1978;7500;6;4;13;4;25
6024;1953;94384;1111;790;160;45;172
1878;1985;23148;4;8;6;3;10
3099;1970;44267;183;65;3;5;49
6055;1979;71626;546;376;94;145;72
3972;1976;50200;266;51;8;6;64
4394;1965;81051;1142;249;38;29;14
6658;1972;59868;771;154;54;10;154
10260;1965;45143;202;74;11;5;14
7143;1955;74805;209;209;41;162;37
8789;1989;59060;35;111;36;40;12
4554;1965;47009;171;73;59;10;90
4937;1973;46094;12;20;3;2;5
8749;1984;37235;20;9;4;6;20
1650;1960;81843;779;537;34;69;138
10377;1958;46692;170;97;24;12;88
9206;1968;77382;491;231;112;105;134
10971;1977;37774;173;107;7;2;176
9212;1962;72828;1205;235;19;14;205
7937;1982;24711;10;25;6;3;7
839;1975;45503;97;44;6;1;18
4246;1982;6560;67;26;4;3;262
158;1945;71604;345;528;98;75;97
4832;1979;27244;6;17;3;24;46
1945;1962;71434;711;217;172;96;168
5147;1948;90842;774;118;182;187;93
11039;1975;51948;82;54;71;30;41
9495;1982;71853;358;413;141;97;32
9635;1983;35876;66;40;4;3;14
942;1982;39660;139;78;20;13;36
9386;1962;50127;274;21;4;6;15
2253;1990;18929;32;8;23;4;18
979;1975;33249;6;21;19;14;42
10390;1959;26887;6;4;3;4;6
4698;1983;50150;135;92;65;61;11
5080;1993;70515;420;452;182;64;140
8369;1987;18227;1;7;4;3;11
5232;1965;69139;86;75;33;15;6
2407;1982;69109;823;459;124;29;95
3834;1962;69627;231;215;171;30;53
7712;1946;62159;182;259;77;70;29
1065;1963;80695;557;984;193;37;18
7275;1971;33316;79;31;4;4;12
1384;1992;17256;6;14;8;8;22
9967;1974;53034;160;196;15;11;50
6181;1950;52203;488;238;56;108;28
2674;1958;75154;543;205;160;143;82
3231;1973;37971;5;10;2;2;7
4096;1968;41335;112;21;16;14;5
10476;1958;67267;134;59;15;2;30
5948;1975;57338;143;52;11;8;17
9140;1960;50523;51;24;4;7;1
4743;1969;56242;689;167;11;8;88
1542;1975;56243;347;35;4;3;7
10420;1955;46390;95;64;2;9;38
7514;1956;54342;84;34;11;10;28
10909;1948;92344;992;694;51;19;119
2963;1979;75507;709;374;104;80;80
8216;1972;53761;158;76;13;7;71
8140;1973;22682;10;29;4;2;36
5289;1975;41658;8;12;15;4;29
2589;1972;26759;25;16;8;5;2
3421;1968;63841;635;100;20;7;131
4094;1961;60544;201;43;3;5;35
2534;1953;37716;97;41;6;2;41
6613;1970;44511;513;133;46;14;14
10827;1967;36947;88;21;4;1;29
8402;1953;67087;329;222;130;35;43
8783;1950;57045;296;104;11;13;17
10010;1953;36957;100;16;2;1;31
618;1977;69389;422;238;69;46;15
361;1969;43142;5;7;2;1;4
4310;1944;80589;507;520;242;40;26
2678;1990;34412;52;50;4;36;55
6376;1979;57537;191;139;51;8;100
524;1966;22634;2;11;8;6;46
10341;1948;51315;68;39;16;30;41
5654;1972;36026;20;10;6;4;17
7000;1972;65704;279;74;38;8;246
2561;1966;63810;977;253;16;12;101
4086;1959;18690;6;7;23;4;19
2428;1970;28164;3;26;11;8;12
8418;1958;38741;7;17;8;6;13
1362;1972;31907;33;64;175;16;74
10033;1973;31163;2;10;11;2;10
9349;1985;92533;693;118;110;147;42
274;1973;34853;9;15;2;3;2
3388;1967;70844;129;67;3;67;2
8588;1961;60544;201;43;3;5;35
2518;1986;20491;5;5;4;2;10
574;1964;42523;14;11;3;26;35
3220;1983;39922;29;59;19;1;36
5967;1952;33402;26;19;10;5;8
1183;1949;36408;9;4;3;2;3
6856;1979;21645;14;23;4;5;19
4530;1948;78427;972;595;180;26;138
1553;1946;82657;966;672;246;105;126
4682;1958;51876;99;102;28;48;6
8204;1971;78041;482;553;72;160;17
1232;1982;70038;587;348;71;54;130
1927;1973;69401;399;159;58;8;39
5788;1972;46053;56;92;19;7;25
6652;1965;77343;227;573;98;54;31
6875;1965;32727;167;180;86;13;70
4399;1969;68695;458;356;106;50;40
4042;1971;43300;91;52;2;1;31
2157;1972;26290;15;16;11;5;22
10133;1970;93790;1302;731;89;114;45
2525;1974;38410;153;123;116;64;14
8233;1950;64866;508;21;7;5;10
9483;1959;57957;290;177;77;5;29
10403;1978;16531;2;6;7;5;11
10524;1963;49476;386;95;54;41;196
7521;1952;83844;901;345;75;31;191
4406;1970;67419;846;352;91;56;42
9672;1970;23162;8;9;19;4;22
4864;1977;34380;72;58;13;1;24
25;1958;65148;460;422;33;12;153
3697;1954;39898;69;26;12;7;12
5286;1987;41020;112;54;7;7;36
2849;1979;60474;265;303;234;9;170
7787;1960;62807;526;135;10;21;99
3102;1981;19414;2;12;3;5;7
5868;1980;19107;2;9;10;5;16
8370;1976;75484;378;259;197;194;34
9988;1976;70379;553;142;65;67;8
2939;1970;79419;751;687;20;15;31
9743;1955;76998;1449;161;69;35;107
3478;1971;60585;267;309;55;42;21
7494;1950;42873;209;40;3;2;15
1763;1988;87679;1259;815;97;148;33
7250;1978;57867;344;178;15;23;17
10770;1959;65492;247;295;210;85;47
6885;1977;32952;38;12;3;1;1
2072;1969;53374;896;101;13;10;34
9463;1959;71706;931;253;91;98;14
6318;1988;68487;758;385;33;89;89
4093;1975;53253;216;57;20;9;125
5751;1973;31163;2;10;11;2;10
3340;1977;42014;244;108;4;15;50
3594;1973;54108;539;91;8;6;97
3584;1955;49667;1181;120;17;13;39
3643;1974;63206;750;125;11;8;26
851;1972;57136;306;109;21;109;92
7706;1975;46772;350;189;197;151;57
3967;1971;78931;331;170;58;152;35
486;1988;84219;434;400;45;137;45
9451;1965;73538;811;428;99;137;107
9264;1986;79529;423;706;73;197;197
3865;1977;20981;2;10;6;13;30
2853;1980;51766;60;87;6;20;51
1490;1962;55759;675;85;10;7;77
6310;1978;33039;30;12;8;8;12
10380;1972;37787;40;40;4;3;18
3887;1970;27242;3;26;20;1;39
4278;1983;87188;910;724;49;74;55
8643;1971;69930;252;827;219;70;196
1998;1976;37697;34;21;11;4;8
10795;1973;37401;19;19;3;1;3
2408;1976;58597;490;184;10;28;21
202;1948;82032;332;377;149;125;57
830;1987;74004;784;560;42;176;48
3536;1960;19740;7;3;10;4;20
6050;1975;57036;1171;219;19;14;47
9771;1988;23331;104;101;24;15;5
10530;1959;67786;431;441;80;20;102
6678;1989;31928;33;24;4;2;5
3852;1961;74881;505;270;36;27;54
528;1978;65819;267;701;149;165;63
5589;1964;51983;631;115;10;7;30
6365;1987;30390;10;12;25;1;20
5636;1963;30983;51;50;12;1;49
591;1957;66033;293;179;46;59;65
2217;1975;37284;11;2;2;1;6
2544;1951;57530;50;27;6;7;1
7725;1965;76800;173;255;35;71;81
8091;1956;63943;423;368;13;97;21
7321;1962;76081;292;415;63;33;200
5462;1974;67445;757;217;29;80;11
955;1962;47175;167;44;6;2;19
6642;1961;27215;30;22;8;9;28
2793;1976;70179;532;168;69;44;133
5424;1983;39922;29;59;19;1;36
4828;1954;79865;71;278;185;121;38
1497;1952;47958;268;88;15;3;22
4390;1954;75315;459;171;142;23;31
1081;1957;75283;733;180;12;19;66
4261;1946;82800;1006;115;59;68;45
5350;1991;90638;1156;915;94;144;96
8685;1977;42014;244;108;4;15;50
2130;1982;45203;35;67;10;8;24
8175;1992;34935;34;66;3;10;20
6257;1976;60482;255;134;37;14;24
9952;1947;78093;368;639;13;43;10
3503;1950;82460;255;573;52;32;15
5223;1966;45903;33;10;2;10;3
4608;1987;81361;163;424;27;65;76
1626;1973;35860;15;8;4;2;20
4764;1952;40442;45;52;25;22;13
2471;1965;61482;48;68;16;66;43
5892;1980;34968;158;45;8;2;2
2612;1987;75794;754;625;63;32;48
4971;1962;31497;108;28;13;1;4
5185;1955;74268;199;315;97;174;41
10069;1988;13724;2;5;2;15;27
2262;1965;45143;202;74;11;5;14
1041;1973;48432;322;50;4;3;42
3409;1984;36108;141;129;3;11;47
7022;1971;76445;739;309;140;80;35
7943;1975;36663;18;6;3;3;5
5272;1965;53843;378;88;19;4;73
5453;1956;90226;1083;649;253;151;108
2565;1955;70638;1016;215;16;12;63
11092;1961;27116;12;21;2;2;3
4656;1990;51250;342;230;34;32;40
4480;1973;60432;365;15;4;3;11
6729;1988;68655;456;832;75;118;38
1773;1978;12393;5;15;11;7;13
9242;1990;64509;836;575;24;25;77
1764;1975;33955;100;128;23;7;10
6215;1977;31353;10;10;3;1;7
10099;1984;55434;238;215;169;69;76
5423;1983;28359;6;5;2;1;2
940;1987;57100;158;99;15;11;17
3011;1965;69139;86;75;33;15;6
3298;1956;52973;856;76;12;9;199
5120;1982;66664;398;447;220;96;32
6097;1959;50664;313;104;6;4;126
7019;1963;54414;109;16;24;26;18
8041;1971;47111;595;153;120;112;41
252;1963;41003;123;142;71;44;88
9986;1982;19444;16;23;3;2;10
3276;1976;36301;11;35;3;5;12
3570;1969;42731;159;51;6;2;24
10906;1948;46681;269;69;15;19;38
5209;1954;50002;443;71;21;16;82
10711;1945;69755;217;373;111;23;93
2814;1976;30560;9;5;4;5;7
6866;1969;35924;8;14;2;3;7
6575;1981;56386;230;214;13;32;75
3091;1981;75774;340;134;258;14;56
7005;1981;58684;479;179;28;7;85
6409;1967;57136;267;599;34;12;127
7485;1950;56551;67;32;17;2;16
8079;1982;22448;3;8;23;2;18
8395;1961;82014;980;265;35;163;31
10352;1963;34213;50;28;6;3;26
4931;1977;157146;1;1725;2;1;1
1834;1978;35544;30;23;4;1;4
2285;1954;36634;213;76;4;3;30
2295;1954;62670;539;92;80;46;38
1378;1972;50334;284;160;84;16;134
2781;1981;72066;1003;536;134;51;34
1165;1958;50729;239;143;45;4;52
6457;1976;64892;527;230;32;24;65
2639;1966;43602;19;12;10;3;19
6437;1985;41473;21;20;15;3;9
6912;1967;63246;593;91;29;22;7
7327;1959;36732;21;3;10;1;7
5299;1970;69084;1181;199;39;30;30
4127;1967;77766;1004;265;115;59;27
8143;1985;37929;202;46;3;2;10
1964;1951;86610;446;768;33;196;53
3690;1986;80141;1184;673;52;40;40
3433;1955;72635;390;323;104;35;107
3389;1970;69016;726;363;123;107;161
4712;1991;20193;8;22;24;11;9
1170;1975;27573;50;110;39;15;15
6347;1979;15862;1;4;11;9;10
8230;1980;33228;22;31;7;4;5
1215;1978;70440;690;499;76;102;88
5939;1971;38232;43;28;7;6;33
10323;1952;49413;205;41;3;2;46
1891;1980;78789;667;850;21;83;83
9256;1971;58350;493;206;116;80;80
295;1989;81217;493;324;146;40;84
6349;1987;61787;621;414;78;48;85
10398;1981;24336;1;2;8;2;12
2431;1990;18222;12;19;12;6;14
550;1952;62335;243;217;85;6;26
10742;1983;86580;532;127;26;20;20
4676;1951;73705;612;520;258;107;107
5294;1989;18358;6;19;16;4;4
7349;1973;9722;6;16;6;16;42
8799;1984;38175;70;69;2;3;3
1351;1956;58656;962;194;16;24;12
7732;1978;64813;293;124;179;97;52
8070;1973;54222;199;31;3;12;7
477;1986;83512;1060;835;80;20;101
2202;1978;41154;44;11;2;3;7
7396;1966;80398;342;936;207;35;26
4055;1992;18746;2;11;12;9;20
10340;1984;35196;75;141;43;39;187
10091;1956;60230;520;367;39;81;40
7629;1977;22108;5;9;6;2;6
10640;1974;44392;87;71;7;12;29
3498;1976;55424;462;184;10;53;107
6742;1979;17688;2;1;3;1;2
1172;1983;92491;979;935;29;25;22
569;1991;90273;704;853;120;74;111
4686;1962;82571;861;558;62;95;79
2634;1979;16653;5;31;15;4;7
1744;1965;23529;9;13;3;2;20
1000;1961;74881;505;270;36;27;54
3828;1951;71107;533;217;198;174;195
10304;1959;18690;6;7;23;4;19
10129;1966;82427;482;509;104;107;107
2499;1958;75342;204;97;21;118;26
10092;1954;70044;1073;250;153;14;14
7500;1967;79146;245;223;21;43;16
5796;1963;77437;560;442;29;44;29
10556;1959;54984;173;131;32;3;6
7610;1983;37292;275;86;10;23;66
263;1945;45576;56;29;2;14;25
10814;1947;70321;303;751;82;26;191
9292;1952;81795;324;693;27;118;88
10250;1947;28389;1;3;7;4;8
7881;1946;66835;620;195;34;17;141
5847;1969;69901;312;206;102;92;149
737;1949;80360;1493;454;112;43;43
3571;1961;63342;918;118;13;10;21
7807;1974;44989;98;106;49;10;106
3878;1980;31859;3;7;15;8;11
2154;1971;30372;15;12;7;3;7
5394;1979;16014;3;4;7;8;7
3524;1971;39763;80;60;4;6;16
5247;1955;38725;31;6;2;1;5
5883;1972;77981;138;204;16;126;60
2118;1964;62905;166;96;119;107;59
6616;1975;59481;178;85;71;66;58
2797;1977;72117;707;171;65;60;50
4328;1986;21955;5;7;17;14;11
9167;1956;67131;465;250;93;35;62
2631;1982;71853;358;413;141;97;32
8312;1961;28249;1;7;2;14;10
5093;1974;25509;40;30;10;7;11
7592;1946;51012;102;63;2;9;24
8584;1952;85431;376;462;168;53;53
7433;1985;29760;64;68;7;5;17
164;1977;28973;206;46;3;2;12
2681;1984;65370;71;112;138;89;29
9645;1968;64590;920;168;36;46;30
10678;1959;71232;653;170;34;26;17
7261;1971;34600;199;60;8;3;15
2870;1973;49094;376;38;11;8;69
8008;1983;36075;46;30;12;1;30
1513;1979;60839;600;128;223;150;128
6173;1979;77298;425;292;23;35;79
1419;1950;34026;18;15;12;8;17
7960;1962;82122;734;350;151;25;100
1250;1976;37697;34;21;11;4;8
9905;1952;34074;135;41;10;1;67
2952;1977;36273;29;30;3;2;9
8439;1964;63404;734;70;11;44;17
762;1981;75774;340;134;258;14;56
2831;1976;78416;453;279;188;38;183
6977;1974;75702;1073;629;145;37;37
4168;1966;37070;231;137;4;15;39
6237;1966;7144;81;33;5;2;291
3130;1964;18701;12;2;10;6;10
1619;1956;90369;292;981;224;23;17
1990;1974;63159;965;586;89;86;37
8093;1969;79734;572;232;23;62;17
10513;1992;63207;438;565;91;169;70
10177;1954;72071;531;300;150;138;150
5782;1982;58582;402;106;101;77;42
10057;1951;72282;503;419;90;139;153
10307;1956;50387;369;87;12;14;34
2415;1962;62568;362;398;80;35;61
8334;1971;33316;79;31;4;4;12
9166;1968;63967;387;141;73;35;162
1440;1978;52513;367;241;104;188;232
5441;1965;54111;267;54;8;3;50
5302;1986;78394;298;697;216;24;166
1087;1975;22669;16;36;37;22;48
6859;1987;29236;37;24;16;9;9
9860;1959;44911;159;22;2;1;31
7129;1962;54693;686;142;23;26;35
5866;1974;48186;97;66;12;7;34
10521;1977;54809;63;57;13;13;22
7849;1970;80336;209;456;160;142;66
531;1954;57333;941;397;76;58;176
9576;1982;32313;86;56;2;4;7
6906;1953;84953;167;602;63;72;72
3170;1957;68148;389;408;37;57;85
8527;1965;65735;239;119;4;15;11
9931;1963;4023;5;1;1;1;1
10595;1990;30093;2;28;13;4;16
4609;1966;57705;383;53;6;4;40
5010;1988;25008;2;8;6;1;9
4427;1995;83257;536;590;38;107;67
11148;1975;22280;2;4;3;1;2
1168;1978;72159;322;899;34;40;53
10163;1984;82733;712;420;65;38;38
6710;1951;58217;68;13;3;5;13
5316;1976;21024;36;18;6;2;18
9029;1972;70116;707;603;95;58;29
521;1985;54006;174;203;6;24;97
1459;1966;69063;666;124;69;8;26
1630;1979;61825;162;100;55;30;27
3254;1971;70886;407;239;103;88;53
9064;1982;69109;823;459;124;29;95
4227;1968;32889;28;13;4;2;8
8486;1971;30538;284;52;8;3;20
2186;1977;82326;938;754;159;81;183
3286;1967;26642;13;15;2;2;8
8602;1964;69932;412;153;150;105;57
9612;1987;23830;1;6;4;8;16
3766;1959;33051;100;243;108;94;219
1399;1958;72905;407;445;181;165;203
1570;1951;69702;664;240;50;19;57
3426;1975;70300;1045;338;60;46;46
3074;1984;70643;1218;304;23;143;33
6461;1969;62772;581;157;43;8;108
10702;1984;52413;185;133;56;56;12
5113;1971;86979;584;835;65;83;35
10858;1975;76532;355;177;90;138;30
2961;1982;42081;175;110;54;6;27
2747;1988;67546;864;768;150;38;172
3010;1989;88420;957;612;99;95;153
1743;1974;69719;273;208;177;14;43
3578;1949;49160;122;43;25;10;15
5558;1954;90933;1020;430;62;63;79
4619;1945;113734;6;3;1;262;3
8780;1950;59292;378;68;19;14;14
5896;1987;73395;272;80;20;7;11
2337;1971;29819;9;24;2;1;2
544;1954;62820;398;265;138;61;53
17;1971;60491;637;237;12;19;76
10680;1986;33235;45;16;2;1;6
3265;1959;35701;21;9;7;3;5
5832;1960;92556;493;352;184;23;28
5544;1970;67384;957;175;158;53;107
6417;1971;80573;829;430;60;92;15
5831;1967;77870;1017;500;65;50;133
2326;1990;18929;32;8;23;4;18
2929;1976;20180;18;24;15;20;18
2546;1977;31878;23;5;10;5;23
3283;1972;70932;200;100;46;185;185
3138;1956;91249;1324;119;71;108;27
4994;1943;77598;1193;281;129;66;33
7966;1959;80982;505;401;104;22;22
2181;1970;70617;353;753;40;46;27
1867;1957;64849;652;350;94;84;108
1518;1965;62694;379;157;25;91;91
5734;1974;61917;46;36;2;2;1
2878;1947;67472;162;127;8;17;69
1458;1982;21059;8;19;3;3;8
7007;1968;29543;17;18;3;4;18
6200;1951;75903;340;185;130;38;100
1403;1975;34984;8;15;3;5;3
4827;1956;54998;154;202;39;30;8
2478;1973;25410;2;4;13;13;4
5138;1950;28320;19;14;3;2;4
5393;1977;23763;22;6;6;2;6
10413;1984;72570;274;216;151;141;224
5015;1976;34529;68;38;3;6;41
10868;1951;70792;344;654;104;11;114
10676;1982;63211;145;459;205;26;145
2495;1974;83891;217;350;111;85;15
7842;1968;36065;18;34;10;2;3
9955;1954;39898;69;26;12;7;12
2162;1976;56939;256;103;90;29;49
3434;1951;80872;483;567;94;12;108
5626;1964;61798;338;89;11;8;13
6428;1950;76842;605;345;84;54;32
8514;1976;29478;8;7;3;1;1
10448;1956;46998;172;86;45;6;27
2109;1990;96843;448;951;40;17;17
7530;1950;56551;67;32;17;2;16
8925;1965;70053;512;98;81;179;89
6355;1978;44359;20;14;7;3;1
3517;1952;40887;50;44;10;10;43
6203;1947;74485;499;815;173;49;49
7165;1972;64474;381;172;56;86;93
3595;1963;77226;631;239;128;76;21
8537;1949;72643;526;553;123;94;53
4331;1978;85738;913;376;17;26;13
6281;1966;55686;673;199;37;47;26
2452;1971;34600;199;60;8;3;15
9507;1975;40794;261;73;4;23;50
8360;1971;54690;111;37;7;9;18
10311;1969;4428;16;12;2;4;321
5117;1963;32632;63;137;153;19;53
3032;1984;24570;28;62;11;14;44
8524;1974;25509;40;30;10;7;11
3334;1951;94642;879;797;106;143;143
4470;1962;58646;62;44;6;5;22
8619;1957;21994;9;6;3;1;3
4552;1991;51373;83;101;64;26;117
898;1986;23477;38;54;3;8;29
9797;1956;58116;228;130;4;11;51
10949;1963;72968;1092;592;145;37;55
8212;1971;39791;85;27;13;13;21
6248;1947;91712;1276;746;94;29;48
10164;1958;94472;1017;417;108;100;16
4547;1960;13672;6;9;2;1;5
6815;1980;96547;448;125;52;101;62
4122;1975;79205;504;117;179;28;44
10841;1975;56559;226;133;41;31;31
176;1980;67506;90;67;33;36;67
4860;1970;24206;7;8;3;2;3
4023;1970;22979;16;19;20;21;22
3599;1970;63684;575;428;208;93;80
6870;1959;68805;182;49;17;13;20
832;1966;65814;561;113;10;14;35
2002;1958;71964;587;932;180;34;86
3657;1986;39146;94;33;13;12;12
500;1977;96876;908;735;40;194;21
1951;1981;34445;228;122;208;129;30
3262;1958;68281;995;417;42;48;41
4102;1975;37284;11;2;2;1;6
7042;1983;36790;3;14;15;21;10
10598;1967;27943;12;16;4;1;3
9829;1978;28587;22;17;12;10;13
6214;1982;43815;14;29;4;7;15
4954;1956;48195;106;68;52;7;5
4837;1965;71322;753;226;69;10;204
9423;1979;32765;13;17;7;3;3
153;1953;23272;19;6;4;2;12
9323;1949;49912;520;223;32;49;42
10001;1985;7500;5;17;13;14;34
3799;1955;67225;315;322;46;7;143
3491;1975;55914;384;364;119;101;232
983;1984;40059;110;92;28;10;145
9119;1950;60905;208;76;36;17;38
4786;1977;75330;555;257;93;61;61
5872;1951;60689;240;216;63;6;24
6568;1984;38680;11;36;15;5;12
5628;1982;61416;848;323;201;61;78
5631;1991;49767;202;197;55;42;149
4974;1970;83273;433;650;16;102;102
8416;1981;29009;6;15;10;5;2
4095;1971;37150;167;64;49;34;116
5474;1970;43020;45;99;4;25;43
10701;1973;65308;713;264;120;80;34
3507;1970;76467;676;426;210;44;58
2079;1947;81044;450;535;73;98;26
4426;1975;55801;367;51;6;4;95
2591;1959;76320;526;214;69;53;35
6673;1965;23478;28;27;12;17;39
1071;1976;70179;532;168;69;44;133
8775;1969;38361;39;56;20;8;14
2345;1982;70038;587;348;71;54;130
10897;1974;67445;757;217;29;80;11
123;1951;67046;544;133;23;151;107
6103;1948;42192;40;15;17;6;7
7899;1952;77610;1245;332;21;33;16
10500;1984;31761;19;20;16;14;28
1655;1979;34350;16;15;2;1;11
2406;1949;54591;376;94;12;9;24
2712;1956;71866;184;178;103;39;33
10643;1987;42000;124;267;85;59;35
2254;1983;69520;627;414;121;80;93
10281;1970;64713;180;241;13;54;54
954;1960;22123;3;24;34;7;31
4643;1973;27803;8;46;38;9;49
6497;1960;51651;293;23;13;6;92
5396;1988;68487;758;385;33;89;89
1052;1969;56796;656;161;62;47;37
2802;1992;87000;196;607;67;17;49
6343;1959;79823;835;380;114;73;43
7901;1971;34109;9;5;2;1;4
4865;1974;53367;229;140;10;3;11
3107;1976;71322;121;124;24;15;42
7734;1993;79244;471;125;212;61;245
1146;1949;49912;520;223;32;49;42
7428;1975;80144;240;445;250;192;108
975;1956;54252;178;26;8;4;44
3422;1975;76068;1115;128;33;12;76
1241;1984;14796;13;8;7;4;16
2909;1974;78128;934;230;16;24;36
5802;1972;14188;2;11;16;12;27
1407;1986;20425;4;5;3;16;17
6183;1962;58646;62;44;6;5;22
5991;1949;48150;173;39;3;2;47
3104;1961;82332;830;968;51;79;19
9729;1955;58275;189;253;56;43;64
1008;1981;44953;728;133;11;8;124
3969;1974;43018;35;17;7;6;64
1916;1954;45736;188;180;20;3;43
9907;1969;66476;742;152;25;9;57
8659;1952;69805;750;174;13;10;20
6262;1962;72217;816;450;55;56;154
6147;1971;25818;5;8;2;2;9
8832;1976;37509;37;56;12;8;5
4915;1956;53230;176;98;136;21;229
2088;1972;84906;997;414;99;30;76
2493;1966;61286;356;107;19;9;117
6292;1986;82333;1311;359;46;89;17
3006;1976;30992;17;14;7;3;2
11181;1949;156924;2;2;1;1;1
642;1980;16005;1;2;20;30;47
10127;1965;58692;301;61;4;7;11
271;1969;40590;154;50;6;11;37
4973;1970;20587;2;6;4;1;9
2948;1954;62637;104;48;4;12;5
2715;1966;29435;70;37;4;2;64
10432;1974;19346;2;9;3;6;2
9216;1971;35788;23;11;3;1;4
9727;1957;23539;4;11;16;1;25
9790;1957;78499;912;170;47;36;97
7873;1973;63516;141;114;15;14;5
7233;1972;69209;496;849;229;48;128
9481;1976;17148;9;11;13;10;16
7699;1969;40590;154;50;6;11;37
2711;1976;30560;9;5;4;5;7
8933;1983;32146;26;23;4;7;3
8726;1964;41713;77;44;10;10;25
1515;1975;34176;11;7;4;2;2
5186;1955;58482;576;115;19;7;7
10157;1965;59686;89;89;34;42;5
5667;1964;60896;1013;399;60;46;153
902;1980;62994;224;48;4;12;12
977;1957;47320;200;111;50;15;19
7313;1949;74859;570;614;133;102;73
7600;1992;15253;1;3;8;1;13
2429;1954;72071;531;300;150;138;150
10394;1984;90000;675;133;94;192;241
9362;1965;69263;492;32;13;5;21
4084;1975;60934;224;155;192;93;54
6721;1951;71965;572;286;50;38;248
1772;1975;79174;1074;518;193;92;129
1544;1967;81380;741;689;224;68;103
492;1973;48432;322;50;4;3;42
4377;1971;52914;254;44;30;10;227
4541;1955;38946;116;82;6;6;41
3266;1964;42523;14;11;3;26;35
11187;1978;26487;2;10;12;14;23
9723;1960;67716;530;217;62;9;56
5721;1956;84117;611;749;59;45;26
1646;1972;25224;4;12;11;2;8
4418;1983;89616;671;655;145;111;15
8722;1957;82347;556;845;202;133;63
7118;1957;73803;833;363;52;26;174
2980;1952;8820;12;13;4;2;4
1839;1974;43322;56;48;10;2;18
10722;1973;55593;293;124;11;4;106
7620;1990;16185;5;16;21;8;45
10968;1969;57731;266;300;65;8;44
11133;1973;48432;322;50;4;3;42
2736;1978;73807;366;156;71;78;54
1876;1990;18929;32;8;23;4;18
1092;1980;61014;269;495;182;43;29
3850;1963;14918;3;3;15;4;15
10469;1981;88325;519;860;93;27;53
3661;1995;80617;594;631;72;55;32
9303;1976;5305;12;7;1;3;5
736;1983;28427;18;19;3;3;6
9589;1948;82032;332;377;149;125;57
9246;1985;40101;171;129;26;24;62
6261;1979;58025;270;88;11;48;22
7366;1982;75777;712;538;69;13;80
10659;1979;7500;2;11;3;8;21
4478;1979;63777;457;106;15;17;53
7004;1984;11012;24;26;7;1;23
9817;1970;44802;853;143;13;10;20
8080;1986;26816;5;6;3;4;3
9432;1977;666666;9;18;8;1;12
8372;1974;34421;3;7;6;2;9
10870;1967;61223;709;182;42;118;247
7270;1981;56981;908;217;32;12;24
8235;1956;69245;428;214;80;30;61
9405;1954;52869;84;61;2;1;21
